OBJECTID,Shape,nombre,label,estado,fecha_adopcion,fecha_actualizacion,Shape_Length
1,"(4715074.964116955, 2247227.873646558)",Calle 29,Calle 29,Proyectado,2014-12-17 00:00:00,2014-12-17 00:00:00,1688.8296016860563
2,"(4713718.045674914, 2245148.291687634)",Ciclorruta Carrera 65,Carrera 65,Existente,2014-12-17 00:00:00,2014-12-17 00:00:00,424.3020699023019
3,"(4711677.835081041, 2248737.4224555227)",Ciclorruta Fase 3,Ciclorruta Fase 3,Proyectado,2014-12-17 00:00:00,2014-12-17 00:00:00,1433.0636205240467
4,"(4715622.395321323, 2249052.339637848)",Ciclorruta Fase 3,Ciclorruta Fase 3,Proyectado,2014-12-17 00:00:00,2014-12-17 00:00:00,975.6515535220302
5,"(4712326.07855426, 2247333.5593407555)",Calle 30A,Calle 30A,Proyectado,2014-12-17 00:00:00,2014-12-17 00:00:00,2039.0097477705779
6,"(4713337.404211345, 2247646.036249984)",Carrera 70,Carrera 70,Proyectado,2014-12-17 00:00:00,2014-12-17 00:00:00,569.9839217467534
7,"(4713381.308009469, 2247986.0074327933)",Diagonal 74B,Diagonal 74B,Proyectado,2014-12-17 00:00:00,2014-12-17 00:00:00,1607.9858272713698
8,"(4714752.233661848, 2249412.696045792)",Ciclorruta Fase 2,Calle 46,Proyectado,2014-12-17 00:00:00,2014-12-17 00:00:00,918.0158808111545
9,"(4716058.102842195, 2251507.4576054635)",Calle 73,Calle 73,Proyectado,2014-12-17 00:00:00,2014-12-17 00:00:00,379.85338962449936
10,"(4713723.00940186, 2249501.6240930413)",Carrera 70,Carrera 70,Existente,2014-12-17 00:00:00,2014-12-17 00:00:00,1620.8218599992124
11,"(4714083.249864673, 2248678.106235962)",Carrera 66B,Carrera 66B,Existente,2014-12-17 00:00:00,2014-12-17 00:00:00,363.94770436221467
12,"(4713542.545334029, 2247696.4624061706)",Carrera 69,Carrera 69,Proyectado,2014-12-17 00:00:00,2014-12-17 00:00:00,675.5062253008407
13,"(4713549.888747923, 2243631.139142064)",Calle 12 Sur,Calle 12 Sur,Proyectado,2014-12-17 00:00:00,2014-12-17 00:00:00,1366.984584644477
14,"(4712833.935739077, 2244356.6831445745)",Calle 6 Sur,Calle 6 Sur,Proyectado,2014-12-17 00:00:00,2014-12-17 00:00:00,2270.907486445613
15,"(4714815.5227981815, 2246203.2881819964)",Calle 20 - 19,Calle 20 - 19,Proyectado,2014-12-17 00:00:00,2014-12-17 00:00:00,2372.7616958826857
16,"(4714696.333564903, 2247768.927048036)",Cerro Nutibara,Cerro Nutibara,Proyectado,2014-12-17 00:00:00,2014-12-17 00:00:00,2104.50183849582
17,"(4713657.0004714215, 2251385.848418028)",Calle 65,Calle 65,Proyectado,2014-12-17 00:00:00,2014-12-17 00:00:00,3107.8025853033096
18,"(4715801.244179349, 2250112.3098082063)",Calle 59A,Calle 59A,Proyectado,2014-12-17 00:00:00,2014-12-17 00:00:00,1993.1796049324178
19,"(4716449.26327716, 2251816.2032899032)",Calle 78,Calle 78,Existente,2014-12-17 00:00:00,2014-12-17 00:00:00,276.45376337226446
20,"(4716438.147680936, 2251364.0038194926)",Calle 73,Calle 73,Existente,2014-12-17 00:00:00,2014-12-17 00:00:00,435.9039180086627
21,"(4715516.0573245725, 2248620.9166039424)",Carrera 52,Carrera 52,Proyectado,2014-12-17 00:00:00,2014-12-17 00:00:00,2111.0249737504814
22,"(4714852.299964832, 2248685.5923118694)",Calle 41,Calle 41,Proyectado,2014-12-17 00:00:00,2014-12-17 00:00:00,1504.9659239151117
23,"(4716098.68335092, 2251911.9240287994)",Calle 77,Calle 77,Existente,2014-12-17 00:00:00,2014-12-17 00:00:00,456.00793691672334
24,"(4715814.103377347, 2251824.4369748384)",Carrera 62,Carrera 62,Proyectado,2014-12-17 00:00:00,2014-12-17 00:00:00,621.8664439957405
25,"(4715518.449190788, 2251540.6947516277)",Calle 72,Calle 72,Proyectado,2014-12-17 00:00:00,2014-12-17 00:00:00,868.2318860583803
26,"(4715873.412586077, 2253935.3930220725)",Parque Juanes,Parque Juanes,Existente,2014-12-17 00:00:00,2014-12-17 00:00:00,1575.2920476995032
27,"(4711671.100307135, 2247726.859589378)",Carrera 83,Carrera 83,Proyectado,2014-12-17 00:00:00,2014-12-17 00:00:00,895.1346220245581
28,"(4714818.800273014, 2251678.974300798)",Calle 71,Calle 71,Proyectado,2014-12-17 00:00:00,2014-12-17 00:00:00,633.3291093955223
29,"(4713470.138539161, 2250977.2817227906)",Calle 51 - 53,Ciclocarril,Existente,2014-12-17 00:00:00,2014-12-17 00:00:00,1724.768578876318
30,"(4712861.915166392, 2250751.403519738)",Carrera 79,Ciclocarril,Existente,2014-12-17 00:00:00,2014-12-17 00:00:00,1166.7426177034815
31,"(4715494.212628851, 2250811.0878758556)",Calle 65,Ciclocarril,Existente,2014-12-17 00:00:00,2014-12-17 00:00:00,1410.6546963769217
32,"(4714970.098845995, 2250380.0476321676)",Calle 59A,Ciclocarril,Existente,2014-12-17 00:00:00,2014-12-17 00:00:00,677.6023873468316
33,"(4716075.775357303, 2248271.7288046763)",Carrera 43A,Carrera 43A,Existente,2014-12-17 00:00:00,2014-12-17 00:00:00,583.5172740166445
34,"(4719297.651430529, 2250411.556404431)",Ruta de Campeones,Ruta de Campeones,En Estudio,2014-12-17 00:00:00,2014-12-17 00:00:00,8932.387701246995
35,"(4713408.76228392, 2250263.770095612)",Carrera 74,Carrera 74,Proyectado,2014-12-17 00:00:00,2014-12-17 00:00:00,594.5970141888806
36,"(4714423.505285478, 2246796.939325668)",Ciclorruta Parque del Río,Av. del Río,Proyectado,2014-12-17 00:00:00,2014-12-17 00:00:00,20972.686620889228
37,"(4714257.234162965, 2246472.930840371)",Ciclorruta Parque del Río,Carrera 62,Proyectado,2014-12-17 00:00:00,2014-12-17 00:00:00,21773.89708695029
38,"(4715924.490520937, 2249443.4807656067)",Carrera 51,Carrera 50A - 51,Proyectado,2014-12-17 00:00:00,2014-12-17 00:00:00,4099.112870348894
39,"(4713058.40103577, 2250434.108198375)",Carrera 77B,Carrera 77B,Proyectado,2014-12-17 00:00:00,2014-12-17 00:00:00,452.460822309181
40,"(4709855.0631598355, 2238239.5569815594)",Ciclorrutas propuestas municipios AMVA,Municipio de Sabaneta,Proyectado,2014-12-17 00:00:00,2014-12-17 00:00:00,991.1512273964515
41,"(4714787.33247024, 2244827.4193588044)",Carrera 48A - 49,Carrera 48A - 49,Proyectado,2014-12-17 00:00:00,2014-12-17 00:00:00,4867.091442473119
42,"(4713969.319650262, 2246227.983381397)",Carrera 65G,Carrera 65G,Proyectado,2014-12-17 00:00:00,2014-12-17 00:00:00,799.6077094502281
43,"(4713786.236540391, 2247221.9947580383)",Carrera 66B,Carrera 66B,Proyectado,2014-12-17 00:00:00,2014-12-17 00:00:00,1640.81311253943
44,"(4713193.743629829, 2247935.8593830736)",Calle 32,Calle 31A - 32 - 32F,Proyectado,2014-12-17 00:00:00,2014-12-17 00:00:00,3624.433265756736
45,"(4711972.310540002, 2247063.4232368823)",Calle 29 - 28,Calle 29 - 28,Proyectado,2014-12-17 00:00:00,2014-12-17 00:00:00,412.00616370461194
46,"(4712115.767154655, 2249762.601628974)",Carrera 84,Carrera 84,Proyectado,2014-12-17 00:00:00,2014-12-17 00:00:00,853.3243415477264
47,"(4712225.121161337, 2248607.6336052227)",Calle 35 - 37,Calle 35 - 37,Proyectado,2014-12-17 00:00:00,2014-12-17 00:00:00,1191.4753735278089
48,"(4715625.711638035, 2249181.151415516)",Carrera 53,Carrera 53,Proyectado,2014-12-17 00:00:00,2014-12-17 00:00:00,968.1291702959197
49,"(4713188.573622269, 2249915.5770319602)",Calle 47D,Calle 47D,Proyectado,2014-12-17 00:00:00,2014-12-17 00:00:00,1340.529556853542
50,"(4712806.956080205, 2249771.253637595)",Carrera 78,Carrera 78,Proyectado,2014-12-17 00:00:00,2014-12-17 00:00:00,877.0753764545068
51,"(4717165.909492103, 2252625.3355169524)",Carrera 48A,Carrera 48A,Proyectado,2014-12-17 00:00:00,2014-12-17 00:00:00,5796.041236915553
52,"(4723660.5575965345, 2250435.1651506885)",Via al Tambo Mazo - Piedra Gorda El Placer,Vía a Piedra Blancas,Proyectado,2014-12-17 00:00:00,2014-12-17 00:00:00,13755.184757943394
53,"(4703383.381819933, 2262377.347969857)",Carretera al Mar,Carretera al Mar,Proyectado,2014-12-17 00:00:00,2014-12-17 00:00:00,50327.89940029105
54,"(4726041.245650732, 2243272.021382285)",Via a Santa Elena,Via Santa Elena,Proyectado,2014-12-17 00:00:00,2014-12-17 00:00:00,10603.08425529905
55,"(4718375.861378949, 2250975.024008896)",Longitudinal Oriental,Longitudinal Oriental,Proyectado,2014-12-17 00:00:00,2014-12-17 00:00:00,3709.4313505814757
56,"(4718372.824377125, 2242802.3901855596)",Carrera 9 -10,Carrera 9 -10,Proyectado,2014-12-17 00:00:00,2014-12-17 00:00:00,6066.075129322977
57,"(4717294.728478389, 2251662.0906453296)",Calle 77A,Calle 77A,Proyectado,2014-12-17 00:00:00,2014-12-17 00:00:00,1442.4285344806701
58,"(4715468.251441137, 2249465.2785840435)",Avenida Ferrocarril,Carrera 53,Proyectado,2014-12-17 00:00:00,2014-12-17 00:00:00,5115.835338575771
59,"(4715483.573518448, 2249433.722810313)",Calle 49,Calle 49,Proyectado,2014-12-17 00:00:00,2014-12-17 00:00:00,6900.593158905207
60,"(4715958.553730907, 2244834.715518206)",Calle 10,Calle 10,Proyectado,2014-12-17 00:00:00,2014-12-17 00:00:00,640.8616823707943
61,"(4716864.019965868, 2253352.6946597993)",Carrera 53,Carrera 53,Proyectado,2014-12-17 00:00:00,2014-12-17 00:00:00,1532.1432864679275
62,"(4717234.55532983, 2251860.596350579)",Calle 80,Calle 80,Proyectado,2014-12-17 00:00:00,2014-12-17 00:00:00,1817.9924736720677
63,"(4718080.646303199, 2253316.6424027933)",Calle 95 - 95A,Calle 95 - 95A,Proyectado,2014-12-17 00:00:00,2014-12-17 00:00:00,1100.313751402903
64,"(4715828.960014976, 2248008.9459518855)",Carrera 43A,Carrera 43A,Proyectado,2014-12-17 00:00:00,2014-12-17 00:00:00,324.0650506686609
65,"(4715005.118723745, 2253724.788168141)",Calle 94,Calle 94,Proyectado,2014-12-17 00:00:00,2014-12-17 00:00:00,1501.3166603047848
66,"(4717361.19128896, 2247728.9169836217)",Calle 42,Calle 42,Proyectado,2014-12-17 00:00:00,2014-12-17 00:00:00,1474.3961606021128
67,"(4717458.279240485, 2247987.2873637183)",Carrera 30,Carrera 30,Proyectado,2014-12-17 00:00:00,2014-12-17 00:00:00,1196.7108893387044
68,"(4718156.825413068, 2254127.3093410335)",Carrera 42B,Carrera 42B,Proyectado,2014-12-17 00:00:00,2014-12-17 00:00:00,1952.5454718273759
69,"(4717431.200160545, 2251431.5779286143)",Carrera 45 - 43A,Carrera 45 - 43A,Proyectado,2014-12-17 00:00:00,2014-12-17 00:00:00,4104.100601584152
70,"(4716553.737534729, 2256123.4641585094)",Calle 120,Calle 120,Proyectado,2014-12-17 00:00:00,2014-12-17 00:00:00,1443.2876766850143
71,"(4713770.063915613, 2243452.2497976543)",Calle 12 Sur,Calle 12 Sur,Proyectado,2014-12-17 00:00:00,2014-12-17 00:00:00,545.5828904421819
72,"(4716506.483074716, 2248968.6275990624)",Carrera 43,Carrera 43,Proyectado,2014-12-17 00:00:00,2014-12-17 00:00:00,1269.2059988761519
73,"(4714477.832215056, 2242631.5367702646)",Carrera 48,Carrera 48,Proyectado,2014-12-17 00:00:00,2014-12-17 00:00:00,1200.6569432410395
74,"(4714306.550581666, 2241920.43276606)",Ciclorrutas propuestas municipios AMVA,Municipio de Envigado,Proyectado,2014-12-17 00:00:00,2014-12-17 00:00:00,515.5751971826005
75,"(4711256.243900401, 2248680.124968528)",Calle 35,Calle 35,Proyectado,2014-12-17 00:00:00,2014-12-17 00:00:00,834.3005494694821
76,"(4711051.193048045, 2249353.962885565)",Carrera 92,Carrera 92,Proyectado,2014-12-17 00:00:00,2014-12-17 00:00:00,985.5281331609708
77,"(4711109.209767245, 2249316.8814618993)",Calle 38,Calle 38,Proyectado,2014-12-17 00:00:00,2014-12-17 00:00:00,685.4476173886187
78,"(4711330.5940198675, 2249091.7355021816)",Carrera 88,Carrera 88,Proyectado,2014-12-17 00:00:00,2014-12-17 00:00:00,1114.075134613091
79,"(4711298.025766012, 2250012.563238081)",Carrera 93,Carrera 93,Proyectado,2014-12-17 00:00:00,2014-12-17 00:00:00,457.29026562731895
80,"(4715605.085382569, 2248283.556313398)",Carrera 50,Carrera 50,Proyectado,2014-12-17 00:00:00,2014-12-17 00:00:00,2305.6524442325467
81,"(4716641.243359592, 2250053.8373878193)",Carrera 48,Carrera 48,Proyectado,2014-12-17 00:00:00,2014-12-17 00:00:00,660.8255102787923
82,"(4717011.207459164, 2251132.997028512)",Calle 71A,Calle 71A,Proyectado,2014-12-17 00:00:00,2014-12-17 00:00:00,757.5392305191369
83,"(4717305.403521574, 2252454.2550744223)",Calle 85 - 86,Calle 85 - 86,Proyectado,2014-12-17 00:00:00,2014-12-17 00:00:00,1977.0254848842894
84,"(4717471.315293085, 2254597.0944211595)",Calle 107,Calle 107,Proyectado,2014-12-17 00:00:00,2014-12-17 00:00:00,748.5921078104853
85,"(4710630.5464570075, 2249768.316284917)",Carrera 96,Carrera 96,Proyectado,2014-12-17 00:00:00,2014-12-17 00:00:00,736.1142480156986
86,"(4711793.165417705, 2247131.917055866)",Carrera 83,Carrera 83,Proyectado,2014-12-17 00:00:00,2014-12-17 00:00:00,392.75203940444976
87,"(4710718.302415093, 2252480.685289249)",Via al Mar,Via al Mar,Proyectado,2014-12-17 00:00:00,2014-12-17 00:00:00,5004.1782068375105
88,"(4711933.210450753, 2253389.6766257756)",Ruta de Campeones,Ruta de Campeones,Proyectado,2014-12-17 00:00:00,2014-12-17 00:00:00,5092.513446031766
89,"(4713728.6685212795, 2252467.3631503237)",Carrera 83,Carrera 83,Proyectado,2014-12-17 00:00:00,2014-12-17 00:00:00,1769.7092361549985
90,"(4714531.234817386, 2252839.78430131)",Calle 80,Calle 80,Proyectado,2014-12-17 00:00:00,2014-12-17 00:00:00,2093.9054825540857
91,"(4714963.368904049, 2254853.0363119175)",Carrera 76,Carrera 76,Proyectado,2014-12-17 00:00:00,2014-12-17 00:00:00,2811.4427742480048
92,"(4714089.275188149, 2253808.271377103)",Carrera 83,Carrera 83,Proyectado,2014-12-17 00:00:00,2014-12-17 00:00:00,483.5091477232604
93,"(4715364.775076071, 2254363.798790843)",Calle 99,Calle 99,Proyectado,2014-12-17 00:00:00,2014-12-17 00:00:00,1219.4802488720595
94,"(4715716.806574426, 2255547.963684975)",Corredor Noroccidental,Carrera 74,Proyectado,2014-12-17 00:00:00,2014-12-17 00:00:00,1241.275223499041
95,"(4714848.46088669, 2253479.3247563383)",Corredor Noroccidental,Carrera 74,Proyectado,2014-12-17 00:00:00,2014-12-17 00:00:00,3889.7156370778616
96,"(4715804.470550097, 2254986.2409083215)",Calle 104,Calle 104,Proyectado,2014-12-17 00:00:00,2014-12-17 00:00:00,1371.2779535570212
97,"(4715914.662468593, 2255798.7986739534)",Calle 113,Calle 113,Proyectado,2014-12-17 00:00:00,2014-12-17 00:00:00,884.2255957347123
98,"(4715444.136109543, 2252672.211216602)",Carrera 65,Carrera 65,Proyectado,2014-12-17 00:00:00,2014-12-17 00:00:00,4981.399452262098
99,"(4713901.846385826, 2245665.6803293745)",Ciclorruta Carrera 65,Carrera 65,Existente,2014-12-17 00:00:00,2014-12-17 00:00:00,493.8374166006027
100,"(4712759.314620248, 2247454.1304288413)",Avenida 80 - 81,Avenida 80 - 81,Proyectado,2014-12-17 00:00:00,2014-12-17 00:00:00,9814.85982058148
101,"(4712714.996993768, 2245431.7484235656)",Diagonal 75CC,Diagonal 75CC,Proyectado,2014-12-17 00:00:00,2014-12-17 00:00:00,1210.0493962847831
102,"(4715733.8822496105, 2243531.4419372673)",Calle 5 Sur,Calle 5 Sur,Proyectado,2014-12-17 00:00:00,2014-12-17 00:00:00,943.6165368551824
103,"(4715243.686642545, 2243870.66439775)",Calle 5 Sur,Calle 5 Sur,Proyectado,2014-12-17 00:00:00,2014-12-17 00:00:00,279.14684347154326
104,"(4715762.327765998, 2243446.846433297)",Avenida 34,Avenida 34,Proyectado,2014-12-17 00:00:00,2014-12-17 00:00:00,2509.230167204307
105,"(4714545.810257939, 2243211.9581334833)",Calle 12 Sur,Calle 12 Sur,Proyectado,2014-12-17 00:00:00,2014-12-17 00:00:00,1089.392991017987
106,"(4716198.463818794, 2246209.018252006)",Carretera Las Palmas,Carretera Las Palmas,Proyectado,2014-12-17 00:00:00,2014-12-17 00:00:00,4141.689792184547
107,"(4712757.232558288, 2244953.151378702)",Ciclorruta Fase 3,Ciclorruta Fase 3,Proyectado,2014-12-17 00:00:00,2014-12-17 00:00:00,405.86818303557607
108,"(4718608.582502351, 2253386.7690484724)",Longitudinal Oriental,Longitudinal Oriental,Proyectado,2014-12-17 00:00:00,2014-12-17 00:00:00,1970.9959266738763
109,"(4718967.635099346, 2254616.7226131987)",Calle 121 - Carrera 30,Carrea 30,Proyectado,2014-12-17 00:00:00,2014-12-17 00:00:00,979.26921922679
110,"(4719305.7379382625, 2253902.034695278)",Ruta de Campeones,Ruta de Campeones,En Estudio,2014-12-17 00:00:00,2014-12-17 00:00:00,1840.6026244948378
111,"(4711835.233575279, 2246542.3323911955)",Calle 14 y 15A,Lateral Qda. Altavista,Proyectado,2014-12-17 00:00:00,2014-12-17 00:00:00,3536.6986707157484
112,"(4717781.304748167, 2254209.9178147786)",Carrera 46,Carrera 46,Proyectado,2014-12-17 00:00:00,2014-12-17 00:00:00,2160.2237264884147
113,"(4718146.769645475, 2255208.8727371483)",Carrera 46,Carrera 46,Proyectado,2014-12-17 00:00:00,2014-12-17 00:00:00,217.3548999327791
114,"(4717779.721164109, 2255543.5600954224)",Calle 124,Calle 124,Proyectado,2014-12-17 00:00:00,2014-12-17 00:00:00,935.5090162266741
115,"(4718464.753337859, 2255073.444084106)",Carrera 42D,Carrera 42D,Proyectado,2014-12-17 00:00:00,2014-12-17 00:00:00,421.5115002106463
116,"(4718308.124134826, 2255262.022826363)",Calle 124,Calle 124,Proyectado,2014-12-17 00:00:00,2014-12-17 00:00:00,394.72211726080934
117,"(4718714.503925259, 2255094.729049672)",Calle 121,Calle 121,Proyectado,2014-12-17 00:00:00,2014-12-17 00:00:00,693.4879054932817
118,"(4717735.632352911, 2255221.322940847)",Carrera 49C,Carrera 49C,Proyectado,2014-12-17 00:00:00,2014-12-17 00:00:00,686.294569866286
119,"(4716784.927160433, 2250786.3349348526)",Carrera 50 - Palacé,Carrera 50,Proyectado,2014-12-17 00:00:00,2014-12-17 00:00:00,1093.581982352709
120,"(4709747.776106096, 2239705.2988481987)",Vía a San Antonio de Prado,Vía A San Antonio de Prado,Proyectado,2014-12-17 00:00:00,2014-12-17 00:00:00,3749.563471121742
121,"(4716607.98322657, 2251327.2893754705)",Carrera 51,Carrera 51,Existente,2014-12-17 00:00:00,2014-12-17 00:00:00,957.3729958890445
122,"(4707569.2867249, 2240060.781650093)",Calle 77 Sur,Calle 77 Sur,Proyectado,2014-12-17 00:00:00,2014-12-17 00:00:00,6392.953795200508
123,"(4716471.768493413, 2252741.1739610774)",Carrera 52 - Carabobo,Carrera 52,Proyectado,2014-12-17 00:00:00,2014-12-17 00:00:00,1137.1689232484546
124,"(4716247.623185146, 2252674.683803693)",Carrera 57,Carrera 57,Proyectado,2014-12-17 00:00:00,2014-12-17 00:00:00,1055.5091489814345
125,"(4716142.762936739, 2250911.687646498)",Carrera 52 - Carabobo,Carrera 52,Existente,2014-12-17 00:00:00,2014-12-17 00:00:00,2661.263536810942
126,"(4717253.2877753945, 2248789.975645073)",Calle 52,Calle 52,Proyectado,2014-12-17 00:00:00,2014-12-17 00:00:00,4797.107827291803
127,"(4716612.950613259, 2247921.771978794)",Avenida 34,Avenida 34,Proyectado,2014-12-17 00:00:00,2014-12-17 00:00:00,593.3259820854496
128,"(4716371.28865476, 2247361.904376804)",Avenida 34,Avenida 34,Proyectado,2014-12-17 00:00:00,2014-12-17 00:00:00,735.3079888278224
129,"(4716667.100933347, 2246741.997458436)",Calle 29C - Loma del Indio,Calle 29C - Loma del Indio,Proyectado,2014-12-17 00:00:00,2014-12-17 00:00:00,1091.5927616605454
130,"(4718337.33138514, 2247723.772318726)",Longitudinal Oriental,Longitudinal Oriental,Proyectado,2014-12-17 00:00:00,2014-12-17 00:00:00,5739.089824234675
131,"(4716908.760416619, 2249067.2445766837)",Carrera 40,Carrera 40,Proyectado,2014-12-17 00:00:00,2014-12-17 00:00:00,745.9086155108538
132,"(4716845.954574734, 2249493.762366107)",Carrera 40,Carrera 40,Proyectado,2014-12-17 00:00:00,2014-12-17 00:00:00,649.3666896975743
133,"(4716150.807237557, 2249066.5880845063)",Carrera 46 - Avenida Oriental,Carrera 46 - Avenida Oriental,Proyectado,2014-12-17 00:00:00,2014-12-17 00:00:00,2641.8173573127206
134,"(4715414.732167027, 2244739.3598501394)",Carrera 43A - Avenida El Poblado,Carrera 43A - Avenida El Poblado,Proyectado,2014-12-17 00:00:00,2014-12-17 00:00:00,6490.260227018882
135,"(4713597.027807396, 2248102.1419980126)",Avenida 33,Avenida 33,Proyectado,2014-12-17 00:00:00,2014-12-17 00:00:00,4277.126055152515
136,"(4715666.563462131, 2250981.1076564337)",Calle 67,Calle 67,Proyectado,2014-12-17 00:00:00,2014-12-17 00:00:00,1656.5447628101388
137,"(4712218.037077226, 2249242.200439548)",Calle 44 - San Juan,Calle 44 - San Juan,Proyectado,2014-12-17 00:00:00,2014-12-17 00:00:00,3013.451280272654
138,"(4713522.440031972, 2248515.7954415637)",Circular 1,Circular 1,Existente,2014-12-17 00:00:00,2014-12-17 00:00:00,1258.75688950765
139,"(4712520.188013934, 2250554.0575489122)",Carrera 84,Carrera 84,Proyectado,2014-12-17 00:00:00,2014-12-17 00:00:00,1331.1771039433386
140,"(4712183.822401806, 2249723.137380968)",Carrera 82,Carrera 82,Existente,2014-12-17 00:00:00,2014-12-17 00:00:00,762.4429697893518
141,"(4712186.862107681, 2250593.7330511003)",Carrera 82B,Carrera 82B,Proyectado,2014-12-17 00:00:00,2014-12-17 00:00:00,815.8210375670345
142,"(4711617.66763055, 2250275.7354378495)",Calle 48,Calle 48,Proyectado,2014-12-17 00:00:00,2014-12-17 00:00:00,636.098650302761
143,"(4712038.222277203, 2250104.393337982)",Carrera 87,Carrera 87,Proyectado,2014-12-17 00:00:00,2014-12-17 00:00:00,615.3640638837584
144,"(4716481.6990606235, 2255888.0501197665)",Carrera 65,Carrera 65,Proyectado,2014-12-17 00:00:00,2014-12-17 00:00:00,1942.981962246868
145,"(4713917.200358044, 2251859.6561741214)",Carrera 73,Carrera 73,Proyectado,2014-12-17 00:00:00,2014-12-17 00:00:00,1033.03400755327
146,"(4713331.572911585, 2251684.863133842)",Carrera 73,Carrera 73,Proyectado,2014-12-17 00:00:00,2014-12-17 00:00:00,287.74164698675156
147,"(4713901.284368572, 2251704.0247437106)",Calle 71,Calle 71,Proyectado,2014-12-17 00:00:00,2014-12-17 00:00:00,421.89146869944443
148,"(4716975.373253727, 2254619.8771336107)",Carrera 52 - Carabobo,Carrera 52,Proyectado,2014-12-17 00:00:00,2014-12-17 00:00:00,3581.0770675577596
149,"(4715411.2016324, 2252030.349791967)",Transversal 78,Transversal 78,Proyectado,2014-12-17 00:00:00,2014-12-17 00:00:00,2135.021955735388
150,"(4712660.810536734, 2249726.590458556)",Carrera 79B,Carrera 79B,Proyectado,2014-12-17 00:00:00,2014-12-17 00:00:00,1022.2529553555198
151,"(4714065.526314404, 2250462.3948933897)",Carrera 70,Carrera 70,Proyectado,2014-12-17 00:00:00,2014-12-17 00:00:00,467.8814944532069
152,"(4714037.8919721795, 2250286.153618478)",Calle 51 - 53,Ciclocarril,Existente,2014-12-17 00:00:00,2014-12-17 00:00:00,1109.5036238467676
153,"(4714458.830717098, 2245764.473146436)",Ciclorruta Carrera 52,Carrera 52,Proyectado,2014-12-17 00:00:00,2014-12-17 00:00:00,3296.8175057010385
154,"(4714557.030057051, 2246856.3347000354)",Ciclorruta Carrera 55,Carrera 55,Proyectado,2014-12-17 00:00:00,2014-12-17 00:00:00,1154.5791118390075
155,"(4713397.279930401, 2246481.182432738)",Ciclorruta Fase 1,Carrera 70 - Calle 30A,Existente,2014-12-17 00:00:00,2014-12-17 00:00:00,3496.2172729694184
156,"(4712758.724813992, 2247499.1893153936)",Carrera 76,Carrera 76,Proyectado,2014-12-17 00:00:00,2014-12-17 00:00:00,3357.752808001214
157,"(4713252.340139336, 2248811.938468628)",Carrera 73,Carrera 73,Existente,2014-12-17 00:00:00,2014-12-17 00:00:00,421.7824645181851
158,"(4713193.212609756, 2249349.49778252)",Carrera 74 - 75,Carrera 74 - 75,Existente,2014-12-17 00:00:00,2014-12-17 00:00:00,987.8448592066134
159,"(4713904.584246559, 2249168.807898105)",Avenida San Juan,Avenida San Juan,Proyectado,2014-12-17 00:00:00,2014-12-17 00:00:00,2953.573600984429
160,"(4716080.345380728, 2248556.8992893035)",Avenida San Juan,Avenida San Juan,Proyectado,2014-12-17 00:00:00,2014-12-17 00:00:00,387.2310659245995
161,"(4715617.576170488, 2248732.030828348)",Avenida San Juan,Avenida San Juan,Existente,2014-12-17 00:00:00,2014-12-17 00:00:00,602.7129637530865
162,"(4712235.253019639, 2245582.551140782)",Carrera 76,Carrera 76,Proyectado,2014-12-17 00:00:00,2014-12-17 00:00:00,1064.4474252087052
163,"(4713613.279111135, 2244896.7177391592)",Ciclorruta Fase 1,Calle 2 - Carrera 67,Existente,2014-12-17 00:00:00,2014-12-17 00:00:00,1017.8198011194418
164,"(4715687.519781635, 2242282.139653981)",Calle 16A Sur,Calle 16A Sur,Proyectado,2014-12-17 00:00:00,2014-12-17 00:00:00,1842.6661624787341
165,"(4716862.503855737, 2243270.9872148903)",Transversal Superior,Transversal Superior,Proyectado,2014-12-17 00:00:00,2014-12-17 00:00:00,5070.566488491784
166,"(4716307.495139608, 2243557.800393074)",Transversal Inferior,Transversal Inferior,Proyectado,2014-12-17 00:00:00,2014-12-17 00:00:00,4453.28623314278
167,"(4715745.53791265, 2242940.0513342465)",Calle 12 Sur - Loma Los Balsos,Calle 12 Sur - Loma Los Balsos,Proyectado,2014-12-17 00:00:00,2014-12-17 00:00:00,599.5561322327576
168,"(4716863.5253362395, 2246347.2600185787)",Longitudinal Oriental,Longitudinal Oriental,Proyectado,2014-12-17 00:00:00,2014-12-17 00:00:00,889.587603121878
169,"(4717158.196415622, 2245670.910529253)",Carretera Las Palmas,Carretera Las Palmas,Proyectado,2014-12-17 00:00:00,2014-12-17 00:00:00,3876.287277365881
170,"(4717564.853998485, 2243902.7218576414)",Carrera 15 Longitudinal Oriental,Carrera 15 Longitudinal Oriental,Proyectado,2014-12-17 00:00:00,2014-12-17 00:00:00,3747.933321097831
171,"(4708169.801734224, 2252711.521067469)",San Cristóbal,Anillo Cabecera San Cristóbal,Proyectado,2014-12-17 00:00:00,2014-12-17 00:00:00,2390.7023596977174
172,"(4709812.942092055, 2248887.957076717)",Calle 34B,Lateral Qda. Ana Díaz,Proyectado,2014-12-17 00:00:00,2014-12-17 00:00:00,1855.6639635885238
173,"(4710773.074228025, 2248764.502438332)",Calle 34B,Lateral Qda. Ana Díaz,Proyectado,2014-12-17 00:00:00,2014-12-17 00:00:00,235.65116450696794
174,"(4709107.143122804, 2248998.724243658)",Calle 34B,Lateral Qda. Ana Díaz,Proyectado,2014-12-17 00:00:00,2014-12-17 00:00:00,510.7814351382834
175,"(4708493.801630851, 2249344.6235970706)",El Corazón,El Corazón,Proyectado,2014-12-17 00:00:00,2014-12-17 00:00:00,1475.150181120738
176,"(4709202.219516666, 2247650.8705946635)",San Pablo - Aguas Frías,San Pablo - Aguas Frías,Proyectado,2014-12-17 00:00:00,2014-12-17 00:00:00,2221.176897990444
177,"(4707798.079269409, 2246139.139595733)",Via Altavista Central Patiobola y Buga,Via Altavista Central Patiobola y Buga,Proyectado,2014-12-17 00:00:00,2014-12-17 00:00:00,1565.9902638588453
178,"(4709402.857259831, 2246386.8015912925)",Calle 18,Calle 18,Proyectado,2014-12-17 00:00:00,2014-12-17 00:00:00,2000.0536873651488
179,"(4716138.621848303, 2252481.936983166)",Carrera 58B,Carrera 58B,Existente,2014-12-17 00:00:00,2014-12-17 00:00:00,773.0185583481698
180,"(4716013.4834, 2252709.246050002)",Carrera 87 AA,Carrera 87AA,Existente,2014-12-17 00:00:00,2014-12-17 00:00:00,52.85602563019264
181,"(4714215.82239729, 2241525.1481621996)",Carrera 43A - Avenida El Poblado,Carrera 43A - Avenida El Poblado,Proyectado,2014-12-17 00:00:00,2014-12-17 00:00:00,726.0852392383694
182,"(4716211.352382713, 2255427.51549211)",Carrera 67,Carrera 67,Proyectado,2014-12-17 00:00:00,2014-12-17 00:00:00,922.6548912772934
183,"(4716119.615213059, 2253903.134912053)",Calle 97A - 96A,Calle 97A - 96A,Proyectado,2014-12-17 00:00:00,2014-12-17 00:00:00,916.0166284838525
184,"(4712200.406499815, 2249881.5084905485)",Longitudinal Occidental,Longitudinal Occidental,Proyectado,2014-12-17 00:00:00,2014-12-17 00:00:00,19497.81466393665
185,"(4714946.253841928, 2244650.11703142)",Avenida Las Vegas,Carrera 48,Proyectado,2014-12-17 00:00:00,2014-12-17 00:00:00,2988.0976348559884
186,"(4715161.68072083, 2246587.5435698116)",Avenida Las Vegas,Carrera 48,Existente,2014-12-17 00:00:00,2014-12-17 00:00:00,914.0375357167686
187,"(4712295.789610648, 2250108.7170286896)",Calle 47A - 48,Calle 47A - 48,Proyectado,2014-12-17 00:00:00,2014-12-17 00:00:00,3431.8243856193085
188,"(4714053.7976252455, 2249633.966404816)",Calle 47D,Calle 47D,Existente,2014-12-17 00:00:00,2014-12-17 00:00:00,603.8539562047523
189,"(4710730.261731347, 2247774.320835577)",Calle 31 BB,Lateral Qda. La Picacha,Proyectado,2014-12-17 00:00:00,2014-12-17 00:00:00,1135.730206815976
190,"(4713071.05111511, 2252583.531145946)",Carrera 87A,Carrera 87A,Proyectado,2014-12-17 00:00:00,2014-12-17 00:00:00,983.6560436300298
191,"(4714024.626201528, 2246004.4451634455)",Carrera 65,Carrera 65,Proyectado,2014-12-17 00:00:00,2014-12-17 00:00:00,3012.0335747223107
192,"(4714338.3620370515, 2248936.0000778926)",Carrera 65,Carrera 65,Existente,2014-12-17 00:00:00,2014-12-17 00:00:00,2995.679172082868
193,"(4716049.013213662, 2253401.7840598756)",Puente Madre Laura,Calle 93ED,Proyectado,2014-12-17 00:00:00,2014-12-17 00:00:00,765.6132729239158
